user_id,first_name,last_name,email,dob,registration_date
U001,Fiona,Hernandez,fiona.hernandez1975@example.com,1975-09-03,2019-01-11
U002,Laura,Watson,laura.watson1970@example.com,1970-02-24,2019-01-27
U003,Emily,Allen,emily.allen1989@example.com,1989-03-12,2019-02-02
U004,Paul,Turner,paul.turner1968@example.com,1968-10-01,2019-01-09
U005,Nora,Lewis,nora.lewis1989@example.com,1989-09-25,2019-01-23
U006,Trudy,Hernandez,trudy.hernandez2001@example.com,2001-09-24,2019-02-23
U007,George,Ward,george.ward1994@example.com,1994-04-06,2019-01-09
U008,Aaron,Stewart,aaron.stewart1986@example.com,1986-04-06,2019-01-02
U009,George,Watson,george.watson1978@example.com,1978-05-16,2019-01-22
U010,Steve,Murphy,steve.murphy1975@example.com,1975-12-09,2019-01-20
U011,Alice,Thomas,alice.thomas1995@example.com,1995-10-17,2019-01-26
U012,Mia,Peterson,mia.peterson1996@example.com,1996-01-08,2019-01-22
U013,Quentin,Wilson,quentin.wilson1968@example.com,1968-11-26,2019-01-03
U014,Olivia,Phillips,olivia.phillips1992@example.com,1992-01-13,2019-01-06
U015,Laura,Nguyen,laura.nguyen1970@example.com,1970-06-02,2019-01-06
U016,Mark,Diaz,mark.diaz1970@example.com,1970-04-26,2019-01-12
U017,Daniel,Wright,daniel.wright1963@example.com,1963-02-06,2019-02-12
U018,Karen,Morris,karen.morris1994@example.com,1994-04-07,2019-02-21
U019,Leo,Perez,leo.perez1999@example.com,1999-01-20,2019-01-17
U020,Charlie,Perez,charlie.perez1978@example.com,1978-08-19,2019-01-28
U021,Yosef,Cruz,yosef.cruz1990@example.com,1990-07-14,2019-01-08
U022,Alice,Rodriguez,alice.rodriguez1960@example.com,1960-03-12,2019-01-12
U023,Mallory,Wright,mallory.wright1972@example.com,1972-12-22,2019-01-14
U024,Beth,Allen,beth.allen2000@example.com,2000-05-28,2019-01-23
U025,Nathan,Evans,nathan.evans1993@example.com,1993-05-18,2019-01-27
U026,Hank,Peterson,hank.peterson1975@example.com,1975-04-28,2019-01-01
U027,Jack,Smith,jack.smith1980@example.com,1980-04-19,2019-01-05
U028,Zara,Roberts,zara.roberts1982@example.com,1982-03-04,2019-01-06
U029,Aaron,Reyes,aaron.reyes1999@example.com,1999-04-01,2019-01-09
U030,Vince,Ortiz,vince.ortiz1974@example.com,1974-08-14,2019-02-14
U031,Ursula,Lee,ursula.lee1984@example.com,1984-05-03,2019-01-08
U032,Karen,Miller,karen.miller1996@example.com,1996-04-28,2019-01-02
U033,Fred,Mitchell,fred.mitchell2000@example.com,2000-12-25,2019-01-13
U034,Daniel,Watson,daniel.watson1979@example.com,1979-09-06,2019-02-25
U035,Alice,Moore,alice.moore1963@example.com,1963-07-27,2019-01-08
U036,Mia,Campbell,mia.campbell1966@example.com,1966-01-20,2019-01-11
U037,Ursula,Martin,ursula.martin1961@example.com,1961-10-13,2019-02-15
U038,Eve,Howard,eve.howard1985@example.com,1985-12-06,2019-01-11
U039,Vanessa,Torres,vanessa.torres1996@example.com,1996-08-10,2019-01-20
U040,Trudy,Wood,trudy.wood1988@example.com,1988-08-24,2019-01-09
U041,Kevin,Roberts,kevin.roberts2001@example.com,2001-12-14,2019-01-02
U042,Ivan,Jackson,ivan.jackson1973@example.com,1973-02-28,2019-01-05
U043,Quentin,Wilson,quentin.wilson1989@example.com,1989-05-09,2019-01-07
U044,Uma,Carter,uma.carter1980@example.com,1980-06-04,2019-01-09
U045,Eve,Richardson,eve.richardson1987@example.com,1987-01-27,2019-01-14
U046,George,Nelson,george.nelson1962@example.com,1962-12-22,2019-01-07
U047,Frank,Wilson,frank.wilson2001@example.com,2001-02-09,2019-01-03
U048,Tina,Ward,tina.ward1965@example.com,1965-06-04,2019-02-07
U049,Vanessa,Ramos,vanessa.ramos1967@example.com,1967-04-15,2019-02-09
U050,Karl,Green,karl.green1973@example.com,1973-09-24,2019-01-14
U051,Yvonne,Morgan,yvonne.morgan1996@example.com,1996-07-13,2019-01-06
U052,Leo,Reed,leo.reed1991@example.com,1991-01-23,2019-01-12
U053,Caleb,Perez,caleb.perez2000@example.com,2000-10-01,2019-01-02
U054,Trudy,Gonzalez,trudy.gonzalez1995@example.com,1995-11-05,2019-01-19
U055,Victor,Rodriguez,victor.rodriguez1984@example.com,1984-06-04,2019-01-07
U056,Hank,Murphy,hank.murphy1992@example.com,1992-01-27,2019-01-10
U057,Hannah,Brooks,hannah.brooks1961@example.com,1961-06-22,2019-01-04
U058,Brian,Nelson,brian.nelson1971@example.com,1971-09-17,2019-02-24
U059,Ethan,Ramos,ethan.ramos1971@example.com,1971-09-11,2019-01-06
U060,Walter,Nguyen,walter.nguyen1974@example.com,1974-04-01,2019-01-01
U061,Sara,King,sara.king1996@example.com,1996-01-20,2019-01-08
U062,Leo,Gomez,leo.gomez1963@example.com,1963-05-22,2019-01-29
U063,Ian,Hernandez,ian.hernandez1973@example.com,1973-11-14,2019-01-28
U064,Uma,Taylor,uma.taylor1980@example.com,1980-06-15,2019-01-23
U065,Sam,Young,sam.young1990@example.com,1990-05-11,2019-01-02
U066,Grace,Wilson,grace.wilson1966@example.com,1966-03-07,2019-01-29
U067,Zach,Turner,zach.turner1982@example.com,1982-10-02,2019-01-07
U068,Ethan,Robinson,ethan.robinson1975@example.com,1975-11-25,2019-03-10
U069,Ximena,Jones,ximena.jones1968@example.com,1968-01-09,2019-03-11
U070,Xavier,Evans,xavier.evans1968@example.com,1968-03-10,2019-01-30
U071,Peggy,Martin,peggy.martin1986@example.com,1986-12-08,2019-01-03
U072,Owen,Peterson,owen.peterson1974@example.com,1974-05-27,2019-01-15
U073,Mark,Campbell,mark.campbell2000@example.com,2000-12-14,2019-01-01
U074,Nina,Thompson,nina.thompson1993@example.com,1993-10-16,2019-02-25
U075,Diana,Edwards,diana.edwards1965@example.com,1965-05-10,2019-01-05
U076,Peggy,Campbell,peggy.campbell1997@example.com,1997-04-15,2019-01-11
U077,Grace,Ramirez,grace.ramirez1966@example.com,1966-05-19,2019-01-02
U078,Nina,Phillips,nina.phillips1973@example.com,1973-05-04,2019-01-02
U079,Tina,Richardson,tina.richardson1996@example.com,1996-01-11,2019-01-11
U080,Yuri,Flores,yuri.flores1964@example.com,1964-04-20,2019-02-22
U081,Tina,Rogers,tina.rogers1971@example.com,1971-11-05,2019-01-05
U082,Xena,Gomez,xena.gomez1990@example.com,1990-02-19,2019-01-19
U083,Nora,Green,nora.green1979@example.com,1979-10-21,2019-02-14
U084,Isabel,Roberts,isabel.roberts1978@example.com,1978-03-03,2019-02-26
U085,Frank,Murphy,frank.murphy1999@example.com,1999-12-08,2019-01-02
U086,Rita,Cooper,rita.cooper1964@example.com,1964-05-11,2019-01-13
U087,Quinn,Thompson,quinn.thompson1982@example.com,1982-03-21,2019-01-03
U088,Bob,Wilson,bob.wilson1994@example.com,1994-12-22,2019-01-16
U089,Oscar,Chavez,oscar.chavez1999@example.com,1999-08-02,2019-01-08
U090,Karen,Hall,karen.hall1995@example.com,1995-12-24,2019-01-06
U091,Daniel,Allen,daniel.allen1989@example.com,1989-11-12,2019-01-13
U092,Mia,Clark,mia.clark1962@example.com,1962-10-09,2019-01-02
U093,Ian,Turner,ian.turner1990@example.com,1990-10-01,2019-01-28
U094,Uri,Morales,uri.morales1976@example.com,1976-12-12,2019-01-21
U095,Emily,Rivera,emily.rivera1995@example.com,1995-07-21,2019-01-16
U096,Karen,White,karen.white1998@example.com,1998-09-09,2019-01-15
U097,Karl,Chavez,karl.chavez1996@example.com,1996-09-16,2019-01-31
U098,Vince,Rogers,vince.rogers1960@example.com,1960-07-18,2019-01-12
U099,Ximena,Gonzalez,ximena.gonzalez1980@example.com,1980-05-15,2019-01-01
U100,George,Peterson,george.peterson1984@example.com,1984-08-22,2019-01-04
U101,Uri,Moore,uri.moore1981@example.com,1981-12-28,2019-01-27
U102,Yvonne,Perez,yvonne.perez1962@example.com,1962-07-16,2019-01-11
U103,Steve,Lee,steve.lee1998@example.com,1998-02-04,2019-01-07
U104,Anna,Thompson,anna.thompson2000@example.com,2000-04-24,2019-02-10
U105,Heidi,Stewart,heidi.stewart1968@example.com,1968-06-24,2019-01-12
U106,Alice,Stewart,alice.stewart2001@example.com,2001-07-24,2019-01-09
U107,Hank,Carter,hank.carter1975@example.com,1975-12-17,2019-01-27
U108,Uma,Ward,uma.ward1981@example.com,1981-01-11,2019-01-09
U109,Sara,Smith,sara.smith1964@example.com,1964-06-24,2019-01-12
U110,Uma,Mitchell,uma.mitchell1982@example.com,1982-08-09,2019-01-08
U111,Mallory,Green,mallory.green1970@example.com,1970-01-26,2019-01-01
U112,Oscar,Peterson,oscar.peterson1969@example.com,1969-01-28,2019-01-10
U113,Wendy,Johnson,wendy.johnson1981@example.com,1981-10-16,2019-03-06
U114,Isabel,Brooks,isabel.brooks1987@example.com,1987-01-02,2019-03-28
U115,Liam,Baker,liam.baker1962@example.com,1962-06-25,2019-01-12
U116,George,Chavez,george.chavez1996@example.com,1996-10-23,2019-01-05
U117,Heidi,Edwards,heidi.edwards1978@example.com,1978-05-02,2019-01-02
U118,Trudy,Nelson,trudy.nelson1971@example.com,1971-11-12,2019-01-07
U119,Leo,Cruz,leo.cruz1965@example.com,1965-08-23,2019-01-16
U120,Diana,Wood,diana.wood1992@example.com,1992-01-07,2019-01-07
U121,Oscar,Hall,oscar.hall1986@example.com,1986-11-23,2019-01-07
U122,Zara,Cox,zara.cox1995@example.com,1995-12-21,2019-02-16
U123,Isabel,Garcia,isabel.garcia1988@example.com,1988-05-03,2019-01-14
U124,Vince,Jones,vince.jones1966@example.com,1966-09-19,2019-02-01
U125,Mallory,Turner,mallory.turner1965@example.com,1965-08-04,2019-01-07
U126,Nora,Robinson,nora.robinson1960@example.com,1960-05-13,2019-01-01
U127,Zoe,Jackson,zoe.jackson1982@example.com,1982-01-09,2019-01-11
U128,Ryan,Ward,ryan.ward1973@example.com,1973-09-23,2019-01-09
U129,Liam,Kim,liam.kim1976@example.com,1976-02-17,2019-01-26
U130,Zoe,Thompson,zoe.thompson1962@example.com,1962-12-09,2019-01-09
U131,Penny,Sanchez,penny.sanchez1972@example.com,1972-10-05,2019-02-11
U132,Mallory,Ward,mallory.ward1976@example.com,1976-04-23,2019-01-02
U133,Frank,Howard,frank.howard1986@example.com,1986-12-08,2019-01-30
U134,Quinn,Murphy,quinn.murphy1999@example.com,1999-10-21,2019-02-06
U135,Queen,Hill,queen.hill1999@example.com,1999-12-04,2019-01-08
U136,Steve,Walker,steve.walker1985@example.com,1985-12-17,2019-01-25
U137,Mallory,Carter,mallory.carter1971@example.com,1971-03-28,2019-01-06
U138,George,Harris,george.harris1975@example.com,1975-03-19,2019-02-06
U139,Oscar,Diaz,oscar.diaz1986@example.com,1986-11-15,2019-01-01
U140,Quinn,Diaz,quinn.diaz1997@example.com,1997-11-03,2019-01-06
U141,Charlie,Smith,charlie.smith1963@example.com,1963-09-17,2019-02-20
U142,Diana,Williams,diana.williams1995@example.com,1995-11-16,2019-02-04
U143,George,Lewis,george.lewis1967@example.com,1967-09-21,2019-01-04
U144,Fred,Anderson,fred.anderson2001@example.com,2001-03-12,2019-01-19
U145,Ian,Scott,ian.scott1990@example.com,1990-08-25,2019-01-07
U146,Mallory,Nelson,mallory.nelson1998@example.com,1998-03-01,2019-01-07
U147,Sam,Hill,sam.hill1990@example.com,1990-08-07,2019-03-08
U148,Grace,Reyes,grace.reyes1995@example.com,1995-06-01,2019-01-16
U149,Oscar,Scott,oscar.scott1968@example.com,1968-11-21,2019-02-09
U150,Charlie,Parker,charlie.parker1971@example.com,1971-07-11,2019-01-11
U151,Frank,Diaz,frank.diaz2001@example.com,2001-10-09,2019-01-25
U152,Owen,Perez,owen.perez1994@example.com,1994-02-28,2019-01-10
U153,Penny,Thompson,penny.thompson1989@example.com,1989-12-08,2019-01-02
U154,Caleb,Morris,caleb.morris1996@example.com,1996-08-11,2019-01-18
U155,Aaron,Bailey,aaron.bailey1996@example.com,1996-09-05,2019-01-17
U156,Eve,Bailey,eve.bailey1994@example.com,1994-12-10,2019-01-12
U157,Hank,Gomez,hank.gomez1978@example.com,1978-11-14,2019-01-10
U158,Nina,Campbell,nina.campbell1966@example.com,1966-09-22,2019-02-06
U159,Ian,Anderson,ian.anderson1977@example.com,1977-10-22,2019-01-15
U160,Bob,Davis,bob.davis1993@example.com,1993-02-23,2019-01-01
U161,Walter,Roberts,walter.roberts1987@example.com,1987-02-11,2019-01-17
U162,Oscar,Perez,oscar.perez1993@example.com,1993-10-21,2019-04-03
U163,Fred,Kelly,fred.kelly1970@example.com,1970-01-04,2019-01-07
U164,Nathan,Allen,nathan.allen1973@example.com,1973-06-11,2019-01-28
U165,Grace,Flores,grace.flores1968@example.com,1968-06-07,2019-01-12
U166,Liam,Gonzalez,liam.gonzalez1962@example.com,1962-02-06,2019-01-03
U167,George,Ortiz,george.ortiz1970@example.com,1970-05-15,2019-01-01
U168,Ian,Flores,ian.flores1980@example.com,1980-10-25,2019-02-16
U169,Mark,Campbell,mark.campbell1993@example.com,1993-06-16,2019-01-27
U170,Peggy,Ramirez,peggy.ramirez1986@example.com,1986-01-25,2019-02-03
U171,Diana,Jackson,diana.jackson1972@example.com,1972-09-06,2019-01-02
U172,Quinn,Cruz,quinn.cruz1960@example.com,1960-02-22,2019-01-04
U173,Fiona,Davis,fiona.davis1990@example.com,1990-07-05,2019-01-03
U174,Rachel,Williams,rachel.williams1987@example.com,1987-08-15,2019-01-08
U175,Xavier,Perez,xavier.perez1995@example.com,1995-05-11,2019-01-09
U176,Trudy,White,trudy.white1968@example.com,1968-06-06,2019-01-04
U177,Daniel,Mitchell,daniel.mitchell1999@example.com,1999-11-21,2019-01-07
U178,Vanessa,Flores,vanessa.flores1962@example.com,1962-09-24,2019-01-13
U179,Bob,Brooks,bob.brooks1987@example.com,1987-07-22,2019-04-23
U180,Xena,Thompson,xena.thompson1997@example.com,1997-06-15,2019-01-14
U181,Oscar,Clark,oscar.clark1965@example.com,1965-12-04,2019-01-19
U182,Hank,Perez,hank.perez1984@example.com,1984-11-02,2019-01-11
U183,Anna,Kim,anna.kim1991@example.com,1991-03-10,2019-04-18
U184,Yosef,Parker,yosef.parker1998@example.com,1998-02-02,2019-01-06
U185,Owen,Cox,owen.cox1982@example.com,1982-06-12,2019-01-03
U186,Ursula,Carter,ursula.carter1993@example.com,1993-06-19,2019-02-06
U187,Tom,Lee,tom.lee1977@example.com,1977-04-23,2019-01-03
U188,Kevin,Smith,kevin.smith1964@example.com,1964-06-19,2019-01-03
U189,Vanessa,Peterson,vanessa.peterson1999@example.com,1999-08-17,2019-01-05
U190,Caleb,Hill,caleb.hill1986@example.com,1986-05-08,2019-01-20
U191,Ursula,Nguyen,ursula.nguyen1993@example.com,1993-10-14,2019-01-23
U192,Hank,Diaz,hank.diaz1985@example.com,1985-10-16,2019-01-15
